{"Version":2,"SourceFileDate":132982837795708024,"Flags":["FL_BITMAP_COMPRESSION","FL_BITMAP_MIPMAP","FL_BITMAP_QUALITY_HIGH","FL_BITMAP_PRECOMPUTED_INV_AVG"],"InvAvgColor":[1.0270402431488037,1.0270389318466187,1.0270398855209351],"HasTransp":true}